{
	"info": {
		"_postman_id": "75213363-27de-4039-a5ad-7a57353d5d70",
		"name": "New Collection",
		"schema": "https://schema.getpostman.com/json/collection/v2.1.0/collection.json",
		"_exporter_id": "39156759"
	},
	"item": [
		{
			"name": "http://localhost/rest_events/events_api.php",
			"request": {
				"method": "GET",
				"header": [],
				"url": {
					"raw": "http://localhost/rest_events/events_api.php",
					"protocol": "http",
					"host": [
						"localhost"
					],
					"path": [
						"rest_events",
						"events_api.php"
					]
				}
			},
			"response": [
				{
					"name": "http://localhost/rest_events/events_api.php",
					"originalRequest": {
						"method": "GET",
						"header": [],
						"url": {
							"raw": "http://localhost/rest_events/events_api.php",
							"protocol": "http",
							"host": [
								"localhost"
							],
							"path": [
								"rest_events",
								"events_api.php"
							]
						}
					},
					"status": "OK",
					"code": 200,
					"_postman_previewlanguage": "json",
					"header": [
						{
							"key": "Date",
							"value": "Fri, 01 Nov 2024 04:21:01 GMT"
						},
						{
							"key": "Server",
							"value": "Apache/2.4.58 (Win64) OpenSSL/3.1.3 PHP/8.2.12"
						},
						{
							"key": "X-Powered-By",
							"value": "PHP/8.2.12"
						},
						{
							"key": "Access-Control-Allow-Origin",
							"value": "*"
						},
						{
							"key": "Access-Control-Allow-Methods",
							"value": "GET, POST, PUT, DELETE"
						},
						{
							"key": "Access-Control-Allow-Headers",
							"value": "Content-Type, Access-Control-Allow-Headers, Authorization, X-Requested-With"
						},
						{
							"key": "Content-Length",
							"value": "520"
						},
						{
							"key": "Keep-Alive",
							"value": "timeout=5, max=100"
						},
						{
							"key": "Connection",
							"value": "Keep-Alive"
						},
						{
							"key": "Content-Type",
							"value": "application/json; charset=UTF-8"
						}
					],
					"cookie": [],
					"body": "[\n    {\n        \"id\": 1,\n        \"name\": \"wedding\",\n        \"date\": \"2024-10-15\",\n        \"location\": \"Semarang\",\n        \"price\": 80000000\n    },\n    {\n        \"id\": 2,\n        \"name\": \"Workshop\",\n        \"date\": \"2024-10-20\",\n        \"location\": \"Semarang\",\n        \"price\": 2000000\n    },\n    {\n        \"id\": 3,\n        \"name\": \"Talkshow\",\n        \"date\": \"2024-11-05\",\n        \"location\": \"Jakarta\",\n        \"price\": 3000000\n    },\n    {\n        \"id\": 4,\n        \"name\": \"Pameran\",\n        \"date\": \"2024-11-18\",\n        \"location\": \"Surabaya\",\n        \"price\": 8000000\n    },\n    {\n        \"id\": 5,\n        \"name\": \"Seminar & Konferensi\",\n        \"date\": \"2024-11-26\",\n        \"location\": \"Surabaya\",\n        \"price\": 5000000\n    },\n    {\n        \"id\": 6,\n        \"name\": \"Konser\",\n        \"date\": \"2024-12-15\",\n        \"location\": \"Jakarta\",\n        \"price\": 180000000\n    }\n]"
				}
			]
		},
		{
			"name": "http://localhost/rest_events/events_api.php/3",
			"request": {
				"method": "GET",
				"header": [],
				"url": {
					"raw": "http://localhost/rest_events/events_api.php/3",
					"protocol": "http",
					"host": [
						"localhost"
					],
					"path": [
						"rest_events",
						"events_api.php",
						"3"
					]
				}
			},
			"response": [
				{
					"name": "http://localhost/rest_events/events_api.php/3",
					"originalRequest": {
						"method": "GET",
						"header": [],
						"url": {
							"raw": "http://localhost/rest_events/events_api.php/3",
							"protocol": "http",
							"host": [
								"localhost"
							],
							"path": [
								"rest_events",
								"events_api.php",
								"3"
							]
						}
					},
					"status": "OK",
					"code": 200,
					"_postman_previewlanguage": "json",
					"header": [
						{
							"key": "Date",
							"value": "Fri, 01 Nov 2024 04:21:57 GMT"
						},
						{
							"key": "Server",
							"value": "Apache/2.4.58 (Win64) OpenSSL/3.1.3 PHP/8.2.12"
						},
						{
							"key": "X-Powered-By",
							"value": "PHP/8.2.12"
						},
						{
							"key": "Access-Control-Allow-Origin",
							"value": "*"
						},
						{
							"key": "Access-Control-Allow-Methods",
							"value": "GET, POST, PUT, DELETE"
						},
						{
							"key": "Access-Control-Allow-Headers",
							"value": "Content-Type, Access-Control-Allow-Headers, Authorization, X-Requested-With"
						},
						{
							"key": "Content-Length",
							"value": "83"
						},
						{
							"key": "Keep-Alive",
							"value": "timeout=5, max=100"
						},
						{
							"key": "Connection",
							"value": "Keep-Alive"
						},
						{
							"key": "Content-Type",
							"value": "application/json; charset=UTF-8"
						}
					],
					"cookie": [],
					"body": "{\n    \"id\": 3,\n    \"name\": \"Talkshow\",\n    \"date\": \"2024-11-05\",\n    \"location\": \"Jakarta\",\n    \"price\": 3000000\n}"
				}
			]
		},
		{
			"name": "http://localhost/rest_events/events_api.php",
			"request": {
				"method": "POST",
				"header": [
					{
						"key": "Content-Type",
						"value": "application/json",
						"type": "text"
					}
				],
				"body": {
					"mode": "raw",
					"raw": "{\r\n    \"name\": \"Tunangan\",\r\n    \"date\": \"2024-11-28\",\r\n    \"location\": \"Surabaya\",\r\n    \"price\": \"80000000\"\r\n}",
					"options": {
						"raw": {
							"language": "json"
						}
					}
				},
				"url": {
					"raw": "http://localhost/rest_events/events_api.php",
					"protocol": "http",
					"host": [
						"localhost"
					],
					"path": [
						"rest_events",
						"events_api.php"
					]
				}
			},
			"response": [
				{
					"name": "http://localhost/rest_events/events_api.php",
					"originalRequest": {
						"method": "POST",
						"header": [
							{
								"key": "Content-Type",
								"value": "application/json",
								"type": "text"
							}
						],
						"body": {
							"mode": "raw",
							"raw": "{\r\n    \"name\": \"ulang tahun\",\r\n    \"date\": \"2024-11-19\",\r\n    \"location\": \"Surabaya\",\r\n    \"price\": 5000000\r\n}",
							"options": {
								"raw": {
									"language": "json"
								}
							}
						},
						"url": {
							"raw": "http://localhost/rest_events/events_api.php",
							"protocol": "http",
							"host": [
								"localhost"
							],
							"path": [
								"rest_events",
								"events_api.php"
							]
						}
					},
					"status": "Created",
					"code": 201,
					"_postman_previewlanguage": "json",
					"header": [
						{
							"key": "Date",
							"value": "Fri, 01 Nov 2024 04:29:29 GMT"
						},
						{
							"key": "Server",
							"value": "Apache/2.4.58 (Win64) OpenSSL/3.1.3 PHP/8.2.12"
						},
						{
							"key": "X-Powered-By",
							"value": "PHP/8.2.12"
						},
						{
							"key": "Access-Control-Allow-Origin",
							"value": "*"
						},
						{
							"key": "Access-Control-Allow-Methods",
							"value": "GET, POST, PUT, DELETE"
						},
						{
							"key": "Access-Control-Allow-Headers",
							"value": "Content-Type, Access-Control-Allow-Headers, Authorization, X-Requested-With"
						},
						{
							"key": "Content-Length",
							"value": "37"
						},
						{
							"key": "Keep-Alive",
							"value": "timeout=5, max=100"
						},
						{
							"key": "Connection",
							"value": "Keep-Alive"
						},
						{
							"key": "Content-Type",
							"value": "application/json; charset=UTF-8"
						}
					],
					"cookie": [],
					"body": "{\n    \"message\": \"events created\",\n    \"id\": \"7\"\n}"
				},
				{
					"name": "http://localhost/rest_events/events_api.php",
					"originalRequest": {
						"method": "POST",
						"header": [
							{
								"key": "Content-Type",
								"value": "application/json",
								"type": "text"
							}
						],
						"body": {
							"mode": "raw",
							"raw": "{\r\n    \"name\": \"Tunangan\",\r\n    \"date\": \"2024-11-28\",\r\n    \"location\": \"Surabaya\",\r\n    \"price\": \"80000000\"\r\n}",
							"options": {
								"raw": {
									"language": "json"
								}
							}
						},
						"url": {
							"raw": "http://localhost/rest_events/events_api.php",
							"protocol": "http",
							"host": [
								"localhost"
							],
							"path": [
								"rest_events",
								"events_api.php"
							]
						}
					},
					"status": "Created",
					"code": 201,
					"_postman_previewlanguage": "json",
					"header": [
						{
							"key": "Date",
							"value": "Mon, 04 Nov 2024 03:42:16 GMT"
						},
						{
							"key": "Server",
							"value": "Apache/2.4.58 (Win64) OpenSSL/3.1.3 PHP/8.2.12"
						},
						{
							"key": "X-Powered-By",
							"value": "PHP/8.2.12"
						},
						{
							"key": "Access-Control-Allow-Origin",
							"value": "*"
						},
						{
							"key": "Access-Control-Allow-Methods",
							"value": "GET, POST, PUT, DELETE"
						},
						{
							"key": "Access-Control-Allow-Headers",
							"value": "Content-Type, Access-Control-Allow-Headers, Authorization, X-Requested-With"
						},
						{
							"key": "Content-Length",
							"value": "37"
						},
						{
							"key": "Keep-Alive",
							"value": "timeout=5, max=100"
						},
						{
							"key": "Connection",
							"value": "Keep-Alive"
						},
						{
							"key": "Content-Type",
							"value": "application/json; charset=UTF-8"
						}
					],
					"cookie": [],
					"body": "{\n    \"message\": \"events created\",\n    \"id\": \"9\"\n}"
				}
			]
		},
		{
			"name": "http://localhost/rest_events/events_api.php/2",
			"request": {
				"method": "PUT",
				"header": [
					{
						"key": "Content-Type",
						"value": "application/json",
						"type": "text"
					}
				],
				"body": {
					"mode": "raw",
					"raw": "{\r\n    \"name\": \" Bazar \",\r\n    \"date\": \"2024-10-04\",\r\n    \"location\": \"Jakarta\",\r\n    \"price\": \"400000\"\r\n}",
					"options": {
						"raw": {
							"language": "json"
						}
					}
				},
				"url": {
					"raw": "http://localhost/rest_events/events_api.php/2",
					"protocol": "http",
					"host": [
						"localhost"
					],
					"path": [
						"rest_events",
						"events_api.php",
						"2"
					]
				}
			},
			"response": [
				{
					"name": "http://localhost/rest_events/events_api.php/2",
					"originalRequest": {
						"method": "PUT",
						"header": [
							{
								"key": "Content-Type",
								"value": "application/json",
								"type": "text"
							}
						],
						"body": {
							"mode": "raw",
							"raw": "{\r\n    \"name\": \" Bazar \",\r\n    \"date\": \"2024-10-04\",\r\n    \"location\": \"Jakarta\",\r\n    \"price\": \"900000\"\r\n}",
							"options": {
								"raw": {
									"language": "json"
								}
							}
						},
						"url": {
							"raw": "http://localhost/rest_events/events_api.php/2",
							"protocol": "http",
							"host": [
								"localhost"
							],
							"path": [
								"rest_events",
								"events_api.php",
								"2"
							]
						}
					},
					"status": "OK",
					"code": 200,
					"_postman_previewlanguage": "json",
					"header": [
						{
							"key": "Date",
							"value": "Fri, 01 Nov 2024 04:58:34 GMT"
						},
						{
							"key": "Server",
							"value": "Apache/2.4.58 (Win64) OpenSSL/3.1.3 PHP/8.2.12"
						},
						{
							"key": "X-Powered-By",
							"value": "PHP/8.2.12"
						},
						{
							"key": "Access-Control-Allow-Origin",
							"value": "*"
						},
						{
							"key": "Access-Control-Allow-Methods",
							"value": "GET, POST, PUT, DELETE"
						},
						{
							"key": "Access-Control-Allow-Headers",
							"value": "Content-Type, Access-Control-Allow-Headers, Authorization, X-Requested-With"
						},
						{
							"key": "Content-Length",
							"value": "28"
						},
						{
							"key": "Keep-Alive",
							"value": "timeout=5, max=100"
						},
						{
							"key": "Connection",
							"value": "Keep-Alive"
						},
						{
							"key": "Content-Type",
							"value": "application/json; charset=UTF-8"
						}
					],
					"cookie": [],
					"body": "{\n    \"message\": \"events updated\"\n}"
				}
			]
		},
		{
			"name": "http://localhost/rest_events/events_api.php/4",
			"request": {
				"method": "DELETE",
				"header": [],
				"url": {
					"raw": "http://localhost/rest_events/events_api.php/4",
					"protocol": "http",
					"host": [
						"localhost"
					],
					"path": [
						"rest_events",
						"events_api.php",
						"4"
					]
				}
			},
			"response": [
				{
					"name": "http://localhost/rest_events/events_api.php/4",
					"originalRequest": {
						"method": "DELETE",
						"header": [],
						"url": {
							"raw": "http://localhost/rest_events/events_api.php/4",
							"protocol": "http",
							"host": [
								"localhost"
							],
							"path": [
								"rest_events",
								"events_api.php",
								"4"
							]
						}
					},
					"status": "OK",
					"code": 200,
					"_postman_previewlanguage": "json",
					"header": [
						{
							"key": "Date",
							"value": "Fri, 01 Nov 2024 04:59:08 GMT"
						},
						{
							"key": "Server",
							"value": "Apache/2.4.58 (Win64) OpenSSL/3.1.3 PHP/8.2.12"
						},
						{
							"key": "X-Powered-By",
							"value": "PHP/8.2.12"
						},
						{
							"key": "Access-Control-Allow-Origin",
							"value": "*"
						},
						{
							"key": "Access-Control-Allow-Methods",
							"value": "GET, POST, PUT, DELETE"
						},
						{
							"key": "Access-Control-Allow-Headers",
							"value": "Content-Type, Access-Control-Allow-Headers, Authorization, X-Requested-With"
						},
						{
							"key": "Content-Length",
							"value": "28"
						},
						{
							"key": "Keep-Alive",
							"value": "timeout=5, max=100"
						},
						{
							"key": "Connection",
							"value": "Keep-Alive"
						},
						{
							"key": "Content-Type",
							"value": "application/json; charset=UTF-8"
						}
					],
					"cookie": [],
					"body": "{\n    \"message\": \"events deleted\"\n}"
				}
			]
		},
		{
			"name": "http://localhost/rest_events/events_api.php/2",
			"request": {
				"method": "PUT",
				"header": [
					{
						"key": "Content-Type",
						"value": "application/json",
						"type": "text"
					}
				],
				"body": {
					"mode": "raw",
					"raw": "{\r\n    \"name\": \" Bazar \",\r\n    \"date\": \"2024-10-04\",\r\n    \"location\": \"Surabaya\",\r\n    \"price\": \"400000\"\r\n}",
					"options": {
						"raw": {
							"language": "json"
						}
					}
				},
				"url": {
					"raw": "http://localhost/rest_events/events_api.php/8",
					"protocol": "http",
					"host": [
						"localhost"
					],
					"path": [
						"rest_events",
						"events_api.php",
						"8"
					]
				}
			},
			"response": [
				{
					"name": "http://localhost/rest_events/events_api.php/2",
					"originalRequest": {
						"method": "PUT",
						"header": [
							{
								"key": "Content-Type",
								"value": "application/json",
								"type": "text"
							}
						],
						"body": {
							"mode": "raw",
							"raw": "{\r\n    \"name\": \" Bazar \",\r\n    \"date\": \"2024-10-04\",\r\n    \"location\": \"Surabaya\",\r\n    \"price\": \"400000\"\r\n}",
							"options": {
								"raw": {
									"language": "json"
								}
							}
						},
						"url": {
							"raw": "http://localhost/rest_events/events_api.php/8",
							"protocol": "http",
							"host": [
								"localhost"
							],
							"path": [
								"rest_events",
								"events_api.php",
								"8"
							]
						}
					},
					"status": "OK",
					"code": 200,
					"_postman_previewlanguage": "json",
					"header": [
						{
							"key": "Date",
							"value": "Mon, 04 Nov 2024 03:36:58 GMT"
						},
						{
							"key": "Server",
							"value": "Apache/2.4.58 (Win64) OpenSSL/3.1.3 PHP/8.2.12"
						},
						{
							"key": "X-Powered-By",
							"value": "PHP/8.2.12"
						},
						{
							"key": "Access-Control-Allow-Origin",
							"value": "*"
						},
						{
							"key": "Access-Control-Allow-Methods",
							"value": "GET, POST, PUT, DELETE"
						},
						{
							"key": "Access-Control-Allow-Headers",
							"value": "Content-Type, Access-Control-Allow-Headers, Authorization, X-Requested-With"
						},
						{
							"key": "Content-Length",
							"value": "28"
						},
						{
							"key": "Keep-Alive",
							"value": "timeout=5, max=100"
						},
						{
							"key": "Connection",
							"value": "Keep-Alive"
						},
						{
							"key": "Content-Type",
							"value": "application/json; charset=UTF-8"
						}
					],
					"cookie": [],
					"body": "{\n    \"message\": \"events updated\"\n}"
				}
			]
		}
	]
}